categoryid,categoryname,parentcategoryid,categoryurl,ispublic,categoryintroduction,title,metadescription
2,Ost,19,ost,1,"Ost är alltid bra att ha hemma, dels till mackan men även för att det är gott att ta sig en bit då man är sugen eller att använda till pizza, en pastasås eller vid gratinering. Här finns mängder av ostar att välja mellan, allt från starka till milda, riven och färdigskivad.",,
3,Övrigt,NULL,ovrigt,0,NULL,NULL,NULL
4,"Kryddor & Smaksättare",NULL,smaksattare,1,,,
5,Skafferi,NULL,skafferi,1,"Kika in i MatHems välsorterade skafferi. Skafferiet står alltid öppet, tillgängligt för dig som vill handla dina skafferivaror direkt på nätet. I utbudet ingår torkade frukter, pasta, ris, baktillbehör, bönor och linser, mjöl, olika smaksättare, olika sorters konserver och mycket annat. I det generösa skafferiet finns även ekologiska, nyckelhålsmärkta, glutenfria produkter. Navigera igenom varje underkategori för att hitta din skafferivara.","Handla skafferivaror av högsta kvalitet på nätet | MatHem","I MatHems skafferi finner du fina och goda skafferivaror som du köper på nätet och levereras hem till din dörr."
6,"Djurmat & Tillbehör",NULL,djurmat-o-tillbehor,1,"Här kan du köpa hem mat till fågel, katt och hund. Ge hunden ett smarrigt ben att gnaga på i helgen eller låt katten lyxa till det med lite Sheba.",,
10,"Barnmat & Tillbehör",NULL,barnmat-o-tillbehor,1,"Här hittar du massor av bra varor till barnen; blöjor, barnmat och drycker, gröt, nappar och vårdande krämer. Passa även på att kolla in några av våra andra barnsidor med bland annat leksaker böcker och inspiration till kalaset: 
<br/>
<a href=""https://www.mathem.se/varor/leksaker"">Leksaker</a>
<br/>
<a href=""https://www.mathem.se/varor/barnbocker"">Barnböcker</a> 
<br/>
<a href=""https://www.mathem.se/inspiration/barnkalas"">Barnkalas</a>","Barnmat & Tillbehör - Handla barnmat och andra barnprodukter online på nätet | MatHem","MatHems kategori ”Barnmat & Tillbehör” omfattar ett 100-tal produkter till ditt barn. Du sparar värdefull tid som du i stället spenderar med ditt barn – och slipper bära tunga kassar."
11,"Kött & Chark",NULL,kott-o-chark,1,"På MatHems välsorterade Kött & Chark handlar du högkvalitativa kött- och charkprodukter. För MatHem är det en självklarhet att smak och prisvärt hög kvalitet skall komma dig som kund till del och våra kött- och charkvaror är inte ett undantag. Här erbjuds du både ekologiskt och nyckelhålsmärkt samt ekonomipack och premiumkvalité. Leverans av kött och chark sker i våra egna kylbilar.","Kött & Chark - Beställ kött och chark av högsta kvalitet på MatHem och få det hemlevererat","Köp kött och chark online på MatHem.se. Hemkörning av kött- och charkuterivaror av högsta kvalitet."
12,"Frukt & Grönt",NULL,frukt-o-gront,1,"MatHem månar om att deras kunder skall få tillgång till fräscha frukter och grönsaker. Vi packar dina frukter och grönsaker och kör ut dem hem till dig i våra egna kylbilar, för att bibehålla den goda kvalitén på våra fräscha produkter. Hos oss finns ett brett sortiment, bl.a. nyskördade frukter, grönsaker, örter, kryddor och skott som varierar efter årstiden, både ekologiskt och nyckelhålsmärkt. Det finns också egna färdigblandade fruktkassar.","Frukt & Grönt - Handla frukter och grönsaker på nätet med hemleverans | MatHem","På MatHem.se köper du många olika sorters färska frukter och grönsaker online. Nyttig frukt och grönt från nätet direkt till din dörr."
13,Dryck,NULL,dryck,1,"Juice, läsk, öl - frossa bland vårt stora urval av drycker. Du kan till och med köpa hem en hel back med dricka och få den levererad hem. Här finns allt från fruktiga juicer och smoothies till drinkessenser och alkoholfria alternativ.","Dryck - Handla dryck och vin på nätet | MatHem","Handla dryck och vin på nätet ur MatHems breda sortiment som levereras hem till dörren enligt utvald tid."
14,"Glass Godis & Snacks",NULL,glass-godis-o-snacks,1,"Handla hem Glass, Godis & Snacks utifrån MatHems breda premiumkvalité- och ekonomisortiment. Här finns olika typer av glass, godis och snacks som passar den som både vill handla ekonomiskt men som också uppskattar kvalité. Självklart erbjuder MatHem också ett stort sortiment av ekologiska, mjölkproteinfria och glutenfria varor, såsom blandat godis, choklad, chips och naturgodis.","Glass Godis & Snacks - Handla på nätet – levereras direkt till din dörr | MatHem","På MatHem.se handlar du olika typer av Glass Godis & Snacks på nätet. Leverans direkt till din dörr."
15,"Bröd & Bageri",NULL,brod-o-bageri,1,"Bröd, bröd, bröd - hur ska man lyckas välja bland alla saftiga och smakrika sorter som finns? Bland vårt brödsortiment hittar du 100-tals ljuvliga produkter, köp hem, frys in eller beställ nytt färskt bröd varje vecka. Här finns allt från glutenfritt och nyckelhålsmärkt bröd till ekologiska bröd och fika.","Bröd & Bageri - Handla bageriprodukter online på nätet | MatHem","I MatHems bageri köper du bröd av högsta kvalitet som levereras hem till din dörr."
16,"Färdigmat & Mellanmål",NULL,fardigmat-o-halvfabrikat,1,"Varor som finns i vår kategori Färdigmat & Halvfabrikat är prisvärda och bra produkter för alla tillfällen, speciellt när tiden inte räcker till. Det går att välja mellan olika färdigmat, såsom köttbullar, pajer, piroger; färdiglagad kyckling och falafel, crêpes, färdiga pastarätter, m.m. Det går även att hitta ekologisk och glutenfri fryst färdigmat och halvfabrikat från olika kända producenter såsom Felix, Scan, Findus, m fl.","Färdigmat & Mellanmål på nätet | MatHem","Handla färsk och fryst färdigmat & halvfabrikat på nätet ur MatHems breda sortiment som levereras hem till dörren enligt utvald tid."
18,"Fisk & Skaldjur",NULL,fisk-o-skaldjur,1,"MatHem erbjuder fisk och skaldjur av absolut högsta kvalitet. Här går det att handla det ljuvligaste av säsongens fisk och skaldjur. Vi erbjuder bl.a. kaviar och rom, sill och surströmming där du bland annat kan välja mellan  ekologiska och nyckelhålsmärkta skaldjur och fiskar. Fisk- och skaldjursvaror transporteras från vår dörr till din dörr i våra egna kylbilar enligt din valda leveranstid.","Handla Fisk & Skaldjur på nätet | MatHem","Handla fisk och skaldjur av högsta kvalitet ur MatHems breda sortiment. Hemkörning av Fisk & Skaldjur sker enligt utvald tid i egna kylbilar."
19,"Mejeri & Ost",NULL,mejeri-o-ost,1,"På MatHems välsorterade avdelning för Mejeri & Ost handlar du de bästa ostarna och kvalitetshöga mejeriprodukter. Mejeri- och ostavdelningen erbjuder många olika sorters ostar, ägg, yoghurt,filmjölk, smör, margarin, grädde, och mycket annat. Vi erbjuder ekologiska och glutenfria, mjölkproteinfria och laktosfria mejeriprodukter. Leverans av mejeri och ost sker i våra egna kylbilar.","Köp mejeri och ost på nätet av högsta kvalitet på MatHem","Handla hem de bästa ostarna och kvalitetshöga mejeriprodukter utifrån MatHems välsorterade avdelning för Mejeri & Ost. Leverans sker i våra egna kylbilar efter egen tid."
22,"Hem & Hushåll",NULL,hem-o-hygien,1,,,"På MatHem.se beställer du dina hygienvaror på nätet. Här hittar du säkert bra produkter till rätt priser. Hemkörning av hygienvaror sker efter önskad tid."
23,"Disk & Städ",22,disk--stad-o-tvatt,1,"Allt du behöver inom disk och städ. Diskmedel trasor och rengöringsmedel - välj bland välkända varumärken och mängder av olika dofter. För den som vill ha ekologiska produkter finns även detta.",,
24,Glass,14,glass-o-tillbehor,1,"Glasspinnar och strutar, glasstårtor och isglass, här finns glass i mängder! Här hittar du även populära glassar från Ben & Jerry´s, perfekt att ha hemma i frysen till kalas, varma dagar eller då man helt enkelt blir sugen.",,
25,"Ris & Gryn",5,pasta--ris-m-m,1,,,
26,"ej klass",3,ej-klass,1,NULL,NULL,NULL
28,"Servetter, Ljus & Engångsartiklar",22,duka-o-servera,1,"Duka fint med ljus, vackra servetter, dukar och servetthållare. Här finns även ett stort utbud av plast- och papperstallrikar, glas och bestick som blir perfekt då det är dags att duka upp till fest! Välj bland flera olika färger och modeller.",,
34,Baktillbehör,4859,baktillbehor,1,,,
35,Hundmat,6,hundmat-o-tillbehor,1,"Massor med hundmat i allt från portionsförpackningar till påsar på flera kilo. Här finns också roliga tillbehör som hundschampoo, tuggpinnar och hundbajspåsar.",,
36,Fågelmat,6,fagelmat,1,"Frömix till din burfågel eller varför inte ladda med talgbollar eller liknande till vinterns småfåglar som söker mat ute i det kalla?",,
37,Kattmat,6,kattmat-o-tillbehor,1,"Whiskas, Pussi, Sheba eller Friskies, oavsett vilket favorit era katter har så hittar ni den med stor sannolikhet i vårt stora sortiment. Här hittar du även praktisk kattsand - beställ hem via oss på MatHem så slipper du bära kassar själv, vi levererar hem till dig!",,
39,Snacks,14,chips-o-snacks,1,"Rädda fredagsmyset med en beställning av snacks från MatHem! Här hittar du både klassiska snacks och nya smaker inom området så att du enkelt kan hitta gamla eller nya favoriter. Frossa loss bland mängder av chips och snacks här i vårt stora sortiment.",,
40,Barnvälling,2806,barnvalling,1,"Välling är många barns favorit till både morgon- och kvällsmål. I vårt sortiment finns massor av olika vällingsorter att välja bland, allt från små bebisar upp till lite större barn. Välj bland fullkornsvälling, havrevälling, smaksatt välling och mycket annat!",,
41,"Övrigt mjöl",4859,gryner-o-mjol,1,,,
42,Korv,11,korv,1,"Klassisk falukorv eller smakrik chorizo, grillad, stekt eller precis som den är? Alla har vi våra favoriter då det kommer till korv och vårt sortiment är både stort och varierande!",,
44,Salt,4,salt,1,,,
45,Kaffe,13,kaffe,1,"Upptäck hur lätt det är att köpa Kaffe på nätet på MatHem. Här finns ett stort utbud, allt från snabbkaffe, espresso och capuccino till kaffekapslar och bryggkaffe. Sök bland våra över 100 kaffesorter, där det även finns ekologiska varianter, ekonomipack eller premiumkvalité. Kaffe levereras hem till din dörr på en tid som du bestämmer. Snabba leveranser!","Köp kaffe på nätet | MatHem","På MatHem.se köper du enkelt och lätt kaffe på nätet av olika sorter och levereras hem till din dörr."
46,Potatis,5457,potatis,1,"Potatisen är en av de tacksammaste rotfrukterna eftersom den både är billig i inköp och går att variera på en mängd olika sätt. Bakad, ugnsstekt, råstekt, kokt, pommes frites eller en krämig potatisgratäng - Du har hungern, vi har potatisen och recepten!",,
47,"Godis med Leksak",478,godis-med-leksak,1,,,
48,Godisklubbor,478,godisklubbor,1,,,
50,"Godispåse - Choklad",4729,godispase---choklad,1,,,
51,"Tuggummi Sockerfritt",318,tuggummi-sockerfritt,1,,,
53,"Julgodis & Julnötter",3813,julgodis---fika-o--notter,1,,,
54,Blöjor,10,blojor,1,"Passa på att köpa hem blöjor med din matleverans. Här hittar du de allra populäraste produkterna från välkända varumärken. Oavsett om du behöver blöjor till den nyfödde eller till lite äldre barn så hittar du flera olika alternativ att välja mellan här.",,
55,Toalettpapper,4685,toalettpapper,1,"Känslan av att toalettpappret är slut är sällan angenäm, handla hem ett storpack så har du så att det räcker en längre tid. Lambi, Serla och Edet - här finns flera olika märken att välja mellan.",,
57,Kakmix,211,kakmix,1,"Kakmix är perfekt då du snabbt behöver baka något att bjuda på, kanske då det kommer oväntat besök eller då det vankas kalas och du inte vill baka en heldag. Välj bland olika smaker som kladdkaka, toscatårta och mycket annat.",,
58,"Praliner & Tryfflar",6238,praliner-o-presenter,1,"En ätbar present är aldrig fel att ge bort, och inte att få för den delen heller! Lyxiga chokladaskar, ljuvliga praliner eller krämiga tryfflar med olika smaksättningar, allt hittar du här på MatHem.",,
59,"Öl över 2,8%",6066,ol-over-2-8-,1,,,
61,Prästost,3059,prastost,1,,,
64,"Parmesan, Pecorino & Grana Padano",2,parmesan,1,,,
66,"Skinka pålägg",4682,skinka-palagg,1,,,
70,Pizza,4691,pizza,1,"Krispig botten, smakrikt pålägg och härligt smält ost, vad är väl godare än en nygräddad pizza? Här på MatHem kan vi erbjuda pizza i många olika varianter så att du enkelt kan hitta den smak du gillar bäst. Här finns även ekologiska alternativ för den som vill ha det.",,
71,Päron,3226,paron,1,"Päron är aldrig fel att ha hemma i fruktskålen eller att ta med i väskan för att äta det under dagen. Här finns flera olika päronsorter att välja mellan, bland annat ekologiska.",,
72,Citrusfrukter,3226,citrusfrukter,1,"Citrusfrukter sprängfyllda av c-vitaminer! Ladda fruktskålen med söta apelsiner, syrlig lime och sur citron. Använd i matlagning eller gör hemmagjord färskpressad juice.",,
73,Melon,3226,melon,1,"Ett sött mellanmål, en svalkande drink eller smoothie, melon är gott i nästan alla lägen! Här kan du bland annat hitta honungsmelon, vattenmelon, cantaloupe och galia. Gott såväl sommar som vinter och till både söta och salta rätter.",,
74,"Exotisk frukt",3226,exotisk-frukt,1,"Exotisk frukt är som nyttigt godis! Roliga former, härliga färger och underbara smaker som får oss att vilja beställa mer och mer. Vackert att lägga upp som dekoration eller att använda i fruktsallad eller smoothie.",,
75,Bär,12,bar,1,"Blåbär, jordgubbar, hallon - listan på smarriga bär kan göras lång. Och än länge kan listan över allt som bären kan användas till göras. Smarriga pajer, fruktsallader med bär, smoothies, tårtdekorationer, bara fantasin sätter gränser för dessa friskheter från skogen. Njut av vårt stora sortiment av bär här på sidan.",,
76,Grapefrukt,72,grapefrukt,1,,,
77,Nektarin,5407,nektarin,1,,,
78,Persika,77,persika,1,,,
79,Plommon,5407,plommon,1,"Saftiga plommon, supergoda precis som de är, eller använd frukten till att göra sylt eller marmelad. Dessa godbitar passar även bra att torka och äta som ett lite nyttigare godis.",,
80,Kiwi,3226,kiwi,1,"Välj bland fräscha kiwis i vårt sortiment, här finns även ekologiska alternativ för den som vill ha det. Köp hem en hel korg så kan ni frossa hela veckan på vitaminrik kiwi.",,
81,"Riven Pecorinoost",3064,riven-pecorinoost,1,,,
82,Lamm,5231,lamm,1,"Tillaga delikat lammkött till festen eller då ni vill lyxa till det där hemma en kväll. Här finns allt från lammfärs och lammracks till lammrostbiff och lammstek.",,
83,Lax,502,lax,1,"Varmrökt, kallrökt, gravad eller naturell, laxen är en underbar fisk som går att variera hur mycket som helst. Här på MatHem kan du välja bland mängder av lax och för den som vill ha ekologiskt finns naturligtvis även detta.",,
84,Skaldjur,18,skaldjur,1,"Skaldjur i alla de former, klicka dig fram till ljuvliga och smakrika godsaker som räkor, hummer, kräftor och sniglar. Lyxa till det under helgen eller unna dig en härligt god skaldjurssmörgås till kvällen. Här hittar du all sorts skaldjur från välkända leverantörer.",,
89,Racletteost,3062,racletteost,1,,,
93,Sveciaost,3059,sveciaost,1,,,
94,Goudaost,3059,goudaost,1,,,
97,"Getost, Chevre",3062,getost--chevre,1,"Getost, eller Chevré är en smakrik ost med många användningsområden. Chevré är lika god att servera till ostbrickan, att använda till gratinering eller i en sallad. Passa på att klicka hem en getost till helgmyset!",,"Getost, eller Chevré är en smakrik ost med många användningsområden. Chevré är lika god att servera till ostbrickan, att gratinera eller ha i en sallad."
98,"Dressing, Dip & Röror",4,soppor--sallader-o-roror,1,"Njut av fräscha sallader och smakrika röror! Här hittar du allt från röror som är perfekt att lägga på mackan, till mättande sallader som du enkelt har som måltid.",,
100,Fläskkött,5231,flaskkott,1,"Grillat, i en gryta, färs eller bacon - vad du än tänkt tillaga av fläskkött hittar du med stor sannolikhet rätt här. Här finns både färska och frusna köttbitar att välja mellan.",,
101,Wästgötaost,3059,wastgotaost,1,,,
105,Dressing,98,dressing,1,,,
107,Ägg,3818,agg,1,"Stekt, kokt, pocherat, omelett eller något helt annat - ägg kan man nästan inte få nog av och går dessutom att variera nästan hur mycket som helst! Här finns ägg i både större och mindre förpackningar att välja bland.",,
114,Kalkon,4442,kalkon,1,,,
117,Nötkött,5231,notkott,1,"Oxfilé till festen, entrecote till grillen eller varför inte högrev till en smarrig chili som får puttra länge och väl? Här finns allt och lite till inom kategorin nötkött.",,
119,"Salami pålägg",4682,salami-palagg,1,,,
120,Sylta,3051,sylta,1,"Sylta är en vanlig ingrediens då det vankas någon sorts buffé och på julbordet är den en given klassiker. Här kan du se vårt fina sortiment med sylta från olika leverantörer.",,
121,Pastejer,4682,pastejer,1,"Smakrika leverpastejer eller paté, ett riktigt gott smörgåspålägg eller som fyllning i en smarrig smörgåstårta. Här finns både bredbara varianter och färdigskivade som du enkelt kan sätta på mackan.",,
126,Röror,4701,oliver--pesto-mm,1,,,
127,Krutonger,3808,krutonger,1,"Krutonger, små fyrkantiga stekta brödbitar med ursprung i Frankrike. Riktigt gott att servera i en soppa, i en sallad eller bara som ett krispigt tillbehör till maten.",,
130,Stureost,3059,stureost,1,,,
132,Årgångsost,3059,argangsost,1,NULL,NULL,NULL
141,Edamerost,3059,edamerost,1,,,
146,Västerbottenost,3059,vasterbottenost,1,,,
147,Taleggioost,3062,taleggioost,1,,,
148,Tryffelbrieost,661,tryffelbrieost,1,,,
149,Torsk,502,torsk,1,"Torsken är en av våra vanligaste matfiskar, den har vitt fint kött som enkelt skivar sig efter tillagning. Torsken är utmärkt att koka, steka eller att ha i en gratäng.",,
151,Strömming,502,stromming,1,"Sill och strömming, mer klassiskt svenskt än så kan det knappast bli! Halstra, koka, stek - det spelar ingen större roll för gott är det. Välj bland flera olika varianter här på MatHem.",,
153,"Färsk tonfisk",5533,farsk-tonfisk,1,"Färsk tonfisk har ett rött vackert kött som gör att det nästan ser ut som en köttbit från nöt. En underbart lyxig fisk som gärna får vara lätt stekt. Vi på MatHem levererar fisken direkt hem till dig!",,
155,Räkor,84,rakor,1,"Räkor passar till så mycket! Har du ont om tid kan du köpa färdigskalade, vill du hellre skala själv har vi givetvis även oskalade som alternativ. Möjligheterna är många med räkor; räksallad, smakrika röror, som tillbehör till pasta eller varför inte som topping till en gratinerad fiskgratäng?",,
157,Löjrom,3217,lojrom,1,"Löjrommen, havets guld, är en riktig skatt som vi gärna unnar oss vid festliga tillfällen eller fina bjudningar. Toppa ett kex eller ett ägg, gör en löjromstoast eller något annat du tycker om - löjrommen ger finfin smak som får oss att längta efter mer.",,
158,Kålväxter,12,kalvaxter,1,"Frossa i vitaminrika, nyttiga kålväxter - här finns alla de varianter med massor av variationsmöjligheter då du ska laga mat. Koka klassisk broccoli, tillaga blomkålsmos eller gör krispiga grönkålschips. Här hittar du ett stort utbud med olika kålväxter.",,
159,Vitkål,158,vitkal,1,,,
160,Tomater,3227,tomater,1,"Hitta rätt bland våra många tomater i vårt sortiment; här finns allt från små körsbärstomater till härligt smakrika bifftomater. För den som vill handla ekologiskt finns naturligtvis även detta som alternativ.",,
161,Avokado,3226,avokado,1,"Finns det något mer tillfredsställande än att dela en fullständigt perfekt avokado? Den krämiga frukten är fylld av nyttigheter och ger en lång mättnadskänsla. God som den är, i en sallad eller gör en het guacamole.",,
162,Fänkål,158,fankal,1,"Grönsaken som många antingen gillar mycket eller inte alls! Fänkål är en smakrik grönsak som är gott i allt ifrån sallader till grytor. En riktig smakhöjare, här hittar du vårt sortiment med fänkål.",,
163,Äpplen,3226,applen,1,"Gröna eller röda, svenska, ekologiska, i hel påse eller styckevis - här finns massor av alternativ för dig som är sugen på äpplen. Använd till en härlig paj, till fruktsalladen eller som ett nyttigt mellanmål.",,
164,Banan,3226,banan,1,"Bananen är en mättande frukt som är perfekt att ha med i väskan som mellanmål eller som återhämtning efter ett jobbigt träningspass. Här kan du köpa bananer styckevis eller varför inte köpa hem en hel låda?",,
165,Sallat,3227,sallat,1,"Färdiga salladsblandningar eller hela salladshuvuden, här finns alternativ både för dig som vill ha en snabb och enkel lösning och för dig som vill göra allt från grunden. Välj mellan många olika sallader här på MatHem.",,
166,Zucchini,3227,zucchini,1,"Zucchini går att använda till både matlagning, bakning eller i en sallad. En smarrig ingrediens som gör maten saftig. Välj bland våra färska zucchinis här på sidan.",,
167,Aubergine,3227,aubergine,1,"Stekt, rostad, kokt eller gratinerad? Aubergine går att variera på många olika sätt. En tacksam grönsak som håller sig bra i kylen tills det är dags att använda den.",,
168,Lök,5457,lok,1,"Lök i olika former är en riktig smakhöjare i olika sorters mat, löken kan lyfta den simplaste rätten till något helt nytt! Välj bland allt från gul- och rödlök till purjolök, vitlök och rostad lök.",,
169,Paprika,3227,paprika,1,"Röd, gul, grön eller orange, här finns paprika i både olika former, färger och smaker. Gott i en sallad, i maten, på en smörgås eller att dippa i en god dressing. Här finns även ekologiska alternativ för den som vill ha det.",,
171,Ananas,74,ananas,1,"Ananas, en exotisk frukt som gör sig lika bra i en fruktsallad eller i en dessertpaj som till en mättande smoothie. Skär upp en färsk ananas och ställ fram som ett nyttigt alternativ till fredagsmyset.",,
173,Sparris,3227,sparris,1,"Vit och grön sparris, här hittar du både färsk, inlagd och fryst sparris. Sparris är en vitaminrik goding som bland annat passar sig väl till soppor, förrätter, i en paj eller helt enkelt smörstekt med en gnutta salt - mums!",,
174,Salladskål,158,salladskal,1,,,
175,Morötter,4781,morotter,1,,,
176,Blomkål,158,blomkal,1,,,
177,Selleri,3227,selleri,1,"Härligt doftande selleri som kan användas inom många olika kategorier för matlagning. Här på MatHem kan du klicka hem selleri tillsammans med mängder av andra varor!",,
180,"Övriga kryddor",3829,kryddor-ovriga,1,,,
181,Pepparrot,4781,pepparrot,1,,,
182,Svamp,12,svamp,1,"Färska, frysta och torkade svampar! Välj bland kantareller, champinjoner, portabello och många andra delikata svampsorter. Svampen kan med fördel användas till nästan allt inom matlagning; från soppor och smörgåsar till grytor och pajer.",,
183,Palsternacka,4781,palsternacka,1,,,
184,Rabarber,3226,rabarber,1,"Vårens godaste skörd finns i rabarberlandet! Har du inga egna rabarber går det alldeles utmärkt att köpa hem från oss på MatHem. Gör en sötsyrlig rabarberpaj, en törstsläckande saft eller fräsch rabarberkräm.",,
185,Kålrot,4781,kalrot,1,,,
187,Te,13,te,1,,,
188,"Torkade frukter & bär",4859,torkad-frukt-o-bar,1,,,
189,Kyckling,4442,kyckling,1,,,
194,Hummer,84,hummer,1,"Hummer är en riktig delikatess som många gånger serveras då det är dags för fest eller kalas. Passa på att beställa hem hummer från oss på MatHem, vi levererar din mat hela vägen hem till dig!",,
195,"Valcasotto ost",3062,valcasotto-ost,1,NULL,NULL,NULL
200,"Såser & Aromsmör",4,saser-o-aromsmor,1,,,
202,Kondisbitar,209,kondisbitar,1,"Om du inte har tid att gå på kondis för en fika, beställ hem kondisbitar och ta eftermiddagsbjudningen där hemma. Här finns mängder av smarriga godbitar att välja mellan, vad sägs om mazariner, delicatobollar eller kanske klassiska punschrullar?",,
207,"Bullar & Wienerbröd",209,bullar-o-wienerbrod,1,"Bjud på saftiga bullar och krispiga wienerbröd, här finns flera olika sorter att välja mellan. Perfekt att ha då det kommer besök, servera färska eller frys in och ta fram vid behov.",,
209,"Fikabröd & Tårtor",15,fikabrod-o-tartor,1,"Fikabröd, tårtor och underbara bakverk! Bjud in till ett härligt kaffekalas med färdiga bakverk som garanterat kommer att gå åt. Här finns allt från avancerade tårtor till burkar med småkakor som räcker länge.",,
210,"Tårtor & Efterrätter",209,tartor-o-efterratter,1,"Färdiga tårtor, både frusna och färska samt ljuvliga efterrätter, klara att ställa fram på bordet efter middagen eller då det är dags att fika. Här finns massor av härliga delikatesser att välja mellan.",,
211,"Deg & Bakmix",15,deg-o-bakmix,1,"Baka ditt eget bröd, med hjälp av deg- och bakmix gör du proceduren riktigt enkel och kan snabbt servera övriga familjemedlemmar supergott nybakt bröd, pizza eller bakverk. Här finns många olika sorter att välja mellan.",,
212,Tårtbotten,34,tartbotten,1,,,
216,Makrill,502,makrill,1,"Makrillfilé att tillaga själv eller makrill i tomatsås? Välj själv bland våra många alternativ på denna smakrika fisk som går att tillaga på flera sätt. Makrill i tomatsås är en klassiker på en bit knäckebröd.",,
222,"Svarte Petterost",3059,svarte-petterost,1,NULL,NULL,NULL
231,Juice,13,juice--saft-o-fruktdryck,1,"Juice är perfekt att ha hemma i kylskåpet, speciellt till frukost är det en riktig höjdare att ta sig ett glas tillsammans med en macka eller till gröten. Välj mellan olika smaker från välkända leverantörer.",,
232,Papaya,74,papaya,1,"Papaya är en härligt exotisk frukt som är god som den är, som ingrediens i en efterrätt, till en sallad eller i en smakrik smoothie. Här hittar du förstklassig papaya - du väljer, vi levererar direkt hem till dig.",,
233,Mango,74,mango,1,"Mango är en supergod ingrediens i smoothies, fruktsallader, matiga sallader och fräscha desserter. Köp hem färsk eller frusen mango så kan du kvickt röra ihop  något riktigt gott till kvällen!",,
234,"Tandkräm & Tandborstar",4856,munvard,1,"Frossa bland vårt stora lager av munvårdsprodukter! Tandkräm, tandborstar, tandtråd och massor med andra grejer för en fräsch munhygien. Här hittar du välkända varumärken och även ekologiska alternativ.",,"Köp artiklar för munvård i vårt Apotek på Mathem! Sveriges största matbutik på nätet med hemleverans från 0kr. Bli kund idag!"
235,Blommor,3814,blommor,1,"Njut av massor med blomster, både nya moderna varianter och sådana som vi är vana att se i fönster eller i trädgården. Många levande växter ger dessutom bättre luft där hemma.
Glöm inte att köpa med ett <a href=""https://www.mathem.se/varor/gratulationskort"">gratulationskort</a> om du planerar att ge bort en blomma.",,
236,Intimhygien,281,intimhygien,1,"Bindor, kondomer, tamponger och trosskydd - här har vi samlat det mesta inom kategorin intimprodukter. Här hittar du populära produkter och välkända varumärken, passa på att fylla upp badrumsskåpet så att det räcker ett tag.",,"Köp [category] i vårt Apotek på Mathem! Sveriges största matbutik på nätet med hemleverans från 0kr. Bli kund idag!"
238,Hårvård,4856,harvard,1,"Schampo, balsam, inpackning och hårfärg, förenkla din vardag genom att handla hem hårvårdsprodukter via oss på MatHem. Mängder av dofter och olika varianter att välja mellan beroende på om du har behandlat eller obehandlat hår samt ett bra utbud med olika hårfärger.",,
239,Rakartiklar,4856,rakartiklar,1,"Underlätta rakningen med nya rakblad och rakgel. För den där mysiga nyrakade känslan blir det som allra bäst genom att använda rakgel tillsammans med nya vassa blad. Här finns produkter som är anpassade för både kvinnor och män.",,"Köp [category] i vårt Apotek på Mathem! Sveriges största matbutik på nätet med hemleverans från 0kr. Bli kund idag!"
242,Ostkex,3808,smorgaskex,1,"Dags att duka upp en härlig ostbricka? Här har vi samlat goda och smakrika kex i smaker som gör att du gärna tar en tugga till! Välj bland både salta och söta kex, perfekt till vickningen eller om du bara är lite saltsugen.",,
243,Sirap,3821,sirap,1,,,
245,Yoghurt,19,yoghurt,1,"Yoghurt till frukost, till smoothien, turkisk yoghurt, smaksatt…njut av mängder av yoghurt i olika smaker och fetthalter. Här finns också smarta portionsförpackningar som blir ett utmärkt mellanmål eller att ta med i väskan och avnjuta under dagen.",,
246,"Barnmat 8 mån",4674,barnmat-8-man,1,,,
247,Barndryck,2806,barndryck,1,"Goda drycker i smarriga smaker till barnen. Perfekta förpackningar att ha med i väskan eller att ställa fram på bordet då det vankas lunch eller middag. Välj mellan flera olika fruktiga smaker som säkert blir poppis hos barnen.",,
248,"Barnmat 5-6 mån",4674,barnmat-5-6-man,1,,,
249,Senap,3826,senap,1,,,
250,Chokladkakor,6238,chokladkakor,1,"Här kan chokladälskaren välja bland riktiga klassiker från Marabou eller hitta en helt ny favorit från vårt stora sortiment. Mörk, ljus och vit choklad med olika smaksättningar, nästan så att man vill smaka en av varje!",,
251,Mineralvatten,13,mineralvatten,1,"Om du inte vill få i dig så mycket socker men ändå är sugen på en sprudlande dryck kan du välja bland våra många olika mineralvatten. Här kan du beställa allt från en enkel 33 cl burk till hela flak.",,
252,Tvättmedel,3971,tvattmedel,1,,,
254,Sportdryck,6433,sportdryck,1,"Återfå energi direkt efter träningen med hjälp av dessa välsmakande sportdrycker. Välj bland en mängd olika smaker som ger dig energi och får dig att orka hela dagen lång.",,
256,Honung,3821,honung,1,,,
257,Marmelad,3821,marmelad,1,,,
258,Saft,4760,saftflaskor---koncentrat,1,,,
259,"Godispåse - Skumgodis",4729,godispase---skumgodis,1,,,
260,Ris,25,ris,1,,,
261,"Baljväxter & Konserver",5,bonor-o-linser,1,,,
263,"Creme Fraiche Naturell",2903,creme-fraiche-naturell,1,"Naturell crème fraiche finns i flera olika fetthalter och storlekar på förpackningarna. Välj bland leverantörer som Arla, Garant och Valio.",,
266,Sötningsmedel,3821,sotningsmedel,1,,,
267,"Yoghurt Smaksatt",245,yoghurt-smaksatt,1,"Smaksatt och söt yoghurt som knappast behöver en enda flinga för att tillfredsställa smaklökarna. Vanilj, jordgubb och hallon är bara några av smakerna i vårt stora sortiment!",,
268,"Soya- & Havreyoghurt",245,soya--o-havreyoghurt,1,"Soya- och havreyoghurt för dig som vill äta laktosfritt. Här finns både naturella och smaksatta varianter att välja mellan.",,
269,"Flingor, Müsli & Gröt",5,flingor-o-musli,1,,,
270,Bakpotatis,46,bakpotatis,1,,,
271,Smördeg,3454,smordeg,1,,,
275,Vaniljglass,3322,vaniljglass,1,,,
276,Pate,121,pate,1,,,
279,Babyskötsel,3909,babyskotsel,1,,,
280,Bomullspinnar,463,bomullspinnar,1,,,
281,"Dusch & Hygien",4856,badrumsartiklar,1,"Praktiska badrumsartiklar, lenande krämer, tvål och mjukgörande lotion - här hittar du allt du kan tänka dig gällande produkter som är bra att ha hemma i badrumsskåpet. Här har vi blandat nya spännande produkter med gamla klassiker som vi alla känner igen.",,
283,Stycksaker,6238,chokladstycksaker,1,"Plopp, twix, kexchoklad eller har du någon annan favorit? Här finns det mesta att välja inom chokladbitar. Köp hem ett storpack så har du i skafferiet då suget faller in eller då du vill ha något sött till kaffet.",,
284,Hälsodrycker,6433,halsodrycker-o-stilldrinkar,1,"Välgörande hälsodrycker med mängder av vitaminer! Här finns massor av törstsläckande goda drycker i flera olika smaker att avnjuta vid tillfälle. För dig som vill ha glutenfritt, ekologiskt eller laktosfritt finns även dessa alternativ.",,
288,"Godispåse - Kola",4729,godispase---kola,1,,,
291,Rengöringsmedel,23,rengoringsmedel,1,,,
294,Krustader,3808,krustader,1,"Fyll krustader med en röra och du har en förstklassig förrätt att bjuda på! Välj mellan stora eller små krustader i vårt sortiment. Röran kan du göra själv eller köpa hem färdig, sedan tar det bara några minuter innan du kan servera.",,
299,Modersmjölksersättning,2806,modersmjolksersattning,1,"För den som behöver modersmjölksersättning finns det allra mesta att hitta här i vårt stora sortiment. Hitta det du behöver bland märken som Nestlé och Semper. Du beställer - vi levererar hem till dig!",,
300,Barngröt,2806,barngrot,1,,,
301,"Barnmat över 12 mån",4674,barnmat-over-12-man,1,,,
302,"Barnmat 12 mån",4674,barnmat-12-man,1,,,
303,"Barnmat 4 mån",4674,barnmat-4-man,1,,,
304,"Pasta & Pastasås",5,pasta,1,,,
306,Kaffefilter,45,kaffefilter-blekta,1,,,
307,"Kaffefilter Oblekta",2902,kaffefilter-oblekta,1,,,
308,Tefilter,2902,tefilter,1,NULL,NULL,NULL
309,"Påsar, Folie & Bakformar",22,pasar-o-folie,1,"Påsar och formar i plast och aluminium är varor som går åt och som är bra att ha där hemma. Välj mellan plastpåsar i olika storlekar, rullar med folie och praktiska formar tillsammans med många andra varor.",,
312,Blomjord,3814,blomjord,1,"Dags att planera om eller sätta nya växter? Handla hem jord bland vårt sortiment, här finns både större och mindre säckar samt ekologiska alternativ till den som vill ha det.",,
314,Äppelmos,3851,applemos,1,,,
318,Tuggummi,3813,tuggummi,1,"Många är vi som gärna tar oss ett tuggummi under dagen, dels för den goda smakens skull men även för att det känns sådär härligt fräscht i munnen efter en stund tuggande. Köp hem tuggummi från MatHem, här finns mängder av smaker att välja mellan.",,
319,Halstabletter,3813,halstabletter,1,"Läkerol, Fisherman´s friend eller Vicks - här finns alla möjliga varianter av halstabletter som kan lindra vid halsont. Perfekt att ha med sig i väskan, i bilen eller att ha hemma vid behov.",,
320,Mozzarellaost,2,mozzarellaost,1,,,
321,Våtservetter,4017,vatservetter,1,"Våtservetter är en produkt som nästan är ett måste att ha med i skötväskan, i handväskan, i bilen, på resan och givetvis i hemmet. Här kan du välja mellan olika sorter; med eller utan parfym, anpassade för ansikte eller resten av kroppen samt ekologiska val.",,
322,Skorpor,2958,skorpor,1,"Kardemummaskorpor, fullkornsskorpor eller veteskorpor - oavsett vilken som är din favorit så kan du med stor sannolikhet hitta den här i vårt sortiment. Lika gott med lite smör, med salta pålägg eller med en klick sylt eller marmelad.",,
323,"Godispåse - Karameller",4729,godispase---karameller,1,,,
325,"Soppor Färdiga",454,soppor-fardiga,1,,,
326,Naturläkemedel,3831,naturlakemedel,1,"Snuvig, förkyld eller allmänt hängig? Klicka hem välgörande naturläkemedel så känner du dig förhoppningsvis i toppform snart igen. Här på sidan finns flera olika naturläkemedel som sägs vara bra mot bland annat förkylningar.",,"Köp naturläkemedel i vårt Apotek på Mathem! Sveriges största matbutik på nätet med hemleverans från 0kr. Bli kund idag!"
327,Marinader,544,marinader,1,,,
328,Tomatketchup,3826,tomatketchup,1,,,
332,"Halstabletter Påse",319,halstabletter-pase,1,,,
333,Chokladdryck,4706,chokladdryck,1,,,
334,"Barnmat Övrig",2806,barnmat-ovrig,1,,,
335,Russin,188,russin,1,,,
338,Kex,242,kex,1,"Kex till ostbrickan eller då du bara behöver något snabbt att mätta magen med. Duka upp med en smakrik ostbricka och låt frukt, ost och charkuterier trängas på brickan tillsammans med kexen.",,
342,Majonnäs,3826,majonnas,1,,,
346,"Internationella Köket",5712,internationella-koket,1,,,
349,Knäckebröd,2958,knackebrod,1,"Knäckebröd är en klassiker på det svenska frukostbordet eller som tillbehör till middagen. Bland vårt sortiment finns bland annat klassiska Wasabröd tillsammans med LCHF-knäckebröd och Leksandsbröd.",,
351,Nudlar,5712,nudlar,1,,,
353,"Soppor Pulver",454,soppor-pulver,1,"Enklare än att vispa ihop en pulversoppa kan det knappast bli! Perfekt att ha hemma om man vill ha en snabb lunch eller middag och värmande gott när som helst under dagen.",,
354,Vinäger,4962,vinager,1,,,
361,Näsdukar,4017,nasdukar,1,"Förkylningstider eller allergi - mjuka näsdukar är alltid bra att ha hemma, i handväskan eller i bilen. Välj bland varumärken som Gunry och Lambi eller hitta din personliga favorit här på sidan.",,"Köp näsdukar i vårt Apotek på Mathem! Sveriges största matbutik på nätet med hemleverans från 0kr. Bli kund idag!"
362,"Engelsk Konfekt",385,engelsk-konfekt,1,,,
363,"Vitaminer & Mineraler",3831,vitaminer-o-mineraler,1,"Berocca, C-vitamin, D-vitamin eller kanske järntabletter? Här finns massor av olika vitaminer och mineraler att välja mellan. Vitaminer och mineraler i tablett- och pulverform är perfekt för dig som behöver lite extra boost eller om du känner att du inte får i dig tillräckligt via maten.",,"Köp vitaminer & mineraler i vårt Apotek på Mathem! Sveriges största matbutik på nätet med hemleverans från 0kr. Bli kund idag!"
364,Tomatpuré,3826,tomatpure,1,,,
365,"Godispåse - Gelegodis",4729,godispase---gelegodis,1,,,
366,Fetaost,2,fetaost,1,,,
370,Chokladrullar,283,chokladrullar,1,,,
371,"Sockerfri choklad",6238,chokladkaka-sockerfri,1,,,
374,Mjölk,19,mjolk,1,"Mjölk kan vara det allra godaste att dricka till varenda måltid! Här finns mjölk i alla dess former; med låg eller högfetthalt, laktosfri och ekologisk. Leta fram din favorit och lägg in en beställning från oss, då slipper du bära hem alla varor själv.",,
375,Pepparkakor,1041,pepparkakor,1,"Julens allra kakigaste kaka som vi gärna drömmer om flera månader innan det är dags! Om du inte vill baka egna kan du köpa färdiga pepparkakor här från oss på MatHem.",,
376,Vatten,13,vatten,1,,,
377,Chilisås,3826,chilisas,1,,,
379,Konserveringsmedel,34,konserveringsmedel,1,,,
384,Glasstillbehör,24,dessertsas-o-topping,1,"Gör glassen till en riktig dröm med hjälp av dessa ljuvliga dessertsåser och toppingar. Välj bland choklad-, kola-, nougat och många andra smaker. Här finns även ekologiska och glutenfria alternativ för den som vill ha det.",,
385,Lakrits,3813,lakrits,1,"En dröm för lakritsälskaren - hitta din favorit eller testa nya varianter bland alla våra lakritssorter. För den som vill ha ekologisk, glutenfri eller laktosfri lakrits finns även detta som alternativ.",,
387,Socker,3821,socker,1,,,
390,"Öl upp till 2,8%",6066,ol-upp-till-2-8-,1,,,
392,Baguette,3117,baguette,1,"Den klassiska franska baguetten är en välkommen gäst till i stort sett alla måltider. Naturell eller med smak - det spelar ingen roll! Här finns allt från färska baguetter till bake-up-varianter som får den där härligt nybakta doften och smaken.",,
396,"Buljong & Fond",4,buljong-o-fond,1,,,
400,Cheddarost,3059,cheddarost,1,,,
401,"Mjuka Kakor",209,mjuka-kakor,1,"Mjuka kakor som både känns nybakta och hembakta. Då tiden inte räcker till att baka eget är det perfekt att köpa hem lite fika så det finns att bjuda på när tillfälle dyker upp. Välj bland smakrika muffins, sockerkakor och mycket annat.",,
404,"Fiskpinnar & Konserver",18,fiskpinnar-o-konserver,1,"Underlätta middagslagandet med färdiga fiskpinnar som du bara behöver värma i stekpanna eller ugn. Här finns även olika varianter av tonfisk som du snabbt kan göra en röra eller sås av. Mat som är perfekt att ha hemma i skafferi och frys då du behöver snabba middagar.",,
405,Vårrullar/Dumplings,4515,varrullardumplings,1,"Ta en genväg i köket genom att beställa hem färdiga vårrullar och dumplings. Ett utmärkt alternativ då du vill ha något extra gott men inte vill stå i timmar vid spisen.",,
406,Camembertost,3062,camembertost,1,,,
410,"Riven Mozzarellaost",3064,riven-mozzarellaost,1,,,
411,Matlagningsgrädde,3817,matlagningsgradde,1,"Matlagningsgrädde och mellangrädde är ett lite magrare alternativ till vispgrädden. Fungerar perfekt till såser eller i en gryta. Välj bland både laktosfria och ekologiska varianter här hos oss på MatHem.",,
413,Quinoa,3050,quinoa,1,,,
418,Kryddmix,4959,kryddmix-for-mat,1,,,
419,"Ålands Special",3059,alands-special,1,NULL,NULL,NULL
420,Gräddfil,4707,graddfil,1,"Blanda med kryddor och du har en smakrik dipp, blanda ihop en krämig röra med valfria ingredienser eller ha som ett tillbehör till en hettande rätt där gräddfilen ger en något mildare smak. Här finns vårt fina sortiment med smakrik gräddfil!",,
422,Emmentalerost,3059,emmentalerost,1,,,
423,"Mat & Bak Smör",480,mat-o-bak-smor,1,,,
424,Vispgrädde,3817,vispgradde,1,"Äkta vispgrädde är riktigt gott, både till matlagning och som tillbehör till bakelsen och såklart till tårtan! Här finns Arla, Valio och Skånemejerier tillsammans med flera andra!",,
425,"Filmjölk Naturell",4707,filmjolk-naturell,1,"Naturell filmjölk med musli, flingor eller kanske bär? Filmjölk passar dessutom riktigt bra till bakning, exempelvis om du ska baka ett saftigt matbröd.",,
427,"Yoghurt Naturell",245,yoghurt-naturell,1,"Naturell yoghurt från olika leverantörer och med olika fetthalt. Gott till frukost, i en smoothie eller att bara ta sig ett glas då man är sugen.",,
434,"Bordsask Margarin",3379,bordsask-margarin,1,"Glöm inte smöret till smörgåsen - har du bara ett gott smör behövs knappast något ytterligare pålägg till mackan! Här finns många bordsaskar att välja mellan med allt från klassiska Bregott till smör med lägre fetthalt och ekologiska alternativ.",,
435,"Pannkakor & Plättar",16,pannkakor-o-plattar,1,"Pannkakor och plättar är en favorit vid middagsbordet för många barn. Här kan du passa på att köpa hem färdiga plättar och pannkakor så behöver du inte tänka på att både vispa smet och steka. Servera gärna pannkakorna med grädde och sylt, eller gör en crêpes med salt fyllning.",,
437,Glasspinnar,5593,glasspinnar,1,"Får det lov att vara en glasspinne efter maten? En klar favorit hos många barn är glasspinnen, och dessutom enkelt att ta fram ur frysen en varm sommardag eller när man bara vill lyxa till det lite en vardag.",,
440,Sej,502,sej,1,"Sejen är släkt med torsken och är en alldeles utmärkt matfisk. Den blir bland annat riktigt god på grillen men du kan också välja att ha den i soppor eller i en gryta. Kika runt och hitta din favorit bland all vår sej.",,
441,Sill,3812,sill,1,"Senapssill, skärgårdssill eller löksill - här finns alla varianter! Vill du lägga in sillen själv så kan du köpa inläggningssill till detta. Sill är en klassiker som många äter året runt medan några håller sig till högtider som påsk, midsommar och jul.",,
444,Mesost,3061,mesost,1,,,
446,Drinkmix,6087,drinkmix-o-essenser,1,"Bli en riktigt bartender där hemma med hjälp av drinkmix och essenser i olika smaker. Det är riktigt skoj att bland till sina egna drinkar och bjuda på till hemmafesten.",,
447,Texmex,5712,texmex,1,,,
449,Köttfärs,5231,kottfars,1,"En ingrediens som är riktigt vanlig vid matlagning, kanske för att den går att variera hur mycket som helst? Välj bland större eller mindre förpackningar, här finns även ekologiska alternativ för den som vill ha det.",,
450,Ärtsoppa,325,artsoppa,1,,,
453,Växtnäringspreparat,3814,vaxtnaringspreparat,1,"Ledsna växter i fönstren? Ge dina blommor lite hjälp på traven med växtnäring eller praktiska näringspinnar. Många av produkterna ger växterna näring under lång tid efteråt.",,
454,Soppor,5536,soppor,1,"Soppa är nästan alltid gott, speciellt en dag då man känner sig frusen ända in i själen. Här kan du passa på att köpa hem smakliga soppor med smak av exempelvis svamp, linser, thai och tomat.",,
455,Gröt,269,grot,1,"Färdig gröt är en enkel men god maträtt att servera då tiden ska räcka till en massa annat. Värm i mikron eller på spisen så har du färdig lunch eller middag på bara några minuter.",,
456,Torrmjölk,4709,torrmjolk,1,,,
457,Välling,269,valling,1,,,
458,Brödmix,211,brodmix,1,"Oavsett om du vill baka vanligt bröd, glutenfritt eller LCHF-bröd finns här flera olika alternativ att välja mellan. Kavla upp ärmarna och sätt i gång en deg så fylls köket snart av ljuvlig doft!",,
459,Kruskakli,41,krusakli,1,,,
460,Ättika,4962,attika,1,,,
461,Potatismjöl,4722,potatismjol,1,,,
463,"Bomullspinnar & Pads",5257,kosmetik,1,"Praktiska produkter inom kategorin kosmetik; tops, bomull, bomullsrondeller eller aceton - det är bara att välja bland vårt stora sortiment. Passa på att handla hem så att det räcker länge och väl, du beställer - vi tar hand om leveransen.",,
469,Pajer,4691,pajer,1,"Grönsaks-, skinka-, kyckling eller köttfärs - vilken är din favorit då det är dags för paj? Här kan du köpa hem kylda eller frysta pajer i mängder av goda smaker. Perfekt att ha hemma då du vill servera en god middag snabbt.","Paj till kräftskiva är ett måste.","Paj till kräftskiva är ett måste. På MatHem hittar du flera olika sorter att välja mellan."
470,Daimglass,3322,daimglass,1,,,
471,Chokladglass,3322,chokladglass,1,,,
473,Redning,4722,redning,1,,,
474,Majsmjöl,41,majsmjol,1,,,
476,Dip,98,dip,1,,,
478,"Tablettaskar, Klubbor och andra småsaker",3813,tablettaskar--klubbor-och-andra-smasaker,1,"Kinderägg, klubbor och tablettaskar, här hittar du barnens alla favoriter till helgmyset. Passa på att handla hem till barnkalasets fiskedamm eller till tillfällen då ni vill lyxa till det lite extra.",,
480,"Mat & Bak Smör/Margarin",2996,mat-o-bak-smormargarin,1,,,
483,Dessertsoppor,592,dessertsoppor,1,"En kall soppa att ta med på utflykten, blåbärs-, frukt- och nyponsoppa är bara några av alternativen. Eller varför inte en härligt värmande klassisk varma koppen i någon smak som du tycker om? Välj här bland massor av alternativ till mellanmål och enkla desserter.",,
484,Kräm,5425,kram,1,,,
485,Bullar,207,bullar,1,,,
486,Grönsaksblandningar,3227,gronsaksblandningar,1,"Frysta eller konserverade grönsaksblandningar är alltid bra att ha där hemma. Koka upp eller woka då du inte har färska grönsaker hemma, ett perfekt tillbehör till middagen eller som utfyllnad och smaksättning i exempelvis en gryta.",,
487,Broccoli,3227,broccoli,1,,,
488,Brysselkål,158,brysselkal,1,,,
489,Majskorn,261,majskorn,1,,,
490,Ärtor,4782,artor,1,,,
491,Wokmix,486,wokmix,1,,,
494,Majskolvar,2927,majskolvar,1,,,
497,"Spenat Blad",625,spenat-blad,1,,,
499,Kronärtskocka,3227,kronartskocka,1,"Den vitamin- och mineralrika kronärtskockan är underbart god att koka, ugnsbaka eller att lägga in. Ät den varm med smör eller gör en egen Quattro Stagioni-pizza där hemma.",,
501,Hokifilé,502,hokifile,1,"Hoki är en torskliknande fisk som passar riktigt bra till både grytor, i soppor eller i en gratäng. Med riktigt gott kött är det enkelt att tillaga ljuvliga måltider med hjälp av hokifilé.",,
502,Fisk,18,fisk,1,"Fisk är både gott och nyttigt och går att tillaga på en mängd olika sätt. Här i vårt stora sortiment kan du bland annat handla hem torsk, sej, räkor, bläckfisk och massor av andra fiskar och skaldjur, många finns även att välja ekologiska.",,
505,Rödbetor,4781,rodbetor,1,"Rödbetor är lika goda färska såväl som inlagda!  I vårt sortiment finns både färska, frysta och inlagda rödbetor. Tips: Skiva betorna tunt och rosta i ugn med olja, ett riktigt höjdartillbehör!",,
506,"Haricot Verts",4782,haricot-verts,1,,,
508,Plåster,4017,plaster,1,"Här hittar du högkvalitativa plåster från välkända varumärken som Salvequick. Om barnet gör sig illa lindrar det genast med ett plåster med skojigt motiv. Här finns också fotplåster och vattentäta plåster som passar bra ifall du ska bada eller duscha.",,"Köp plåster i vårt Apotek på Mathem! Sveriges största matbutik på nätet med hemleverans från 0kr. Bli kund idag!"
509,Rödspätta,502,rodspatta,1,"Smörstekt rödspätta, panerad rödspätta eller en krämig fiskgratäng? Du väljer själv, vi har fisken! Rödspätta är gott och tacksamt att tillaga då köttet passar till mycket och går att variera hur mycket som helst. För den som vill så finns det även färdigpanerad rödspätta, plättlätt!",,
510,Matjessill,441,matjesill,1,,,